"id","title","description","link","image_link","availability","price","brand","condition","mpn"
"685e9483b98babef95801480","MicroBT Whatsminer M61S Bitcoin Miner","MicroBT Whatsminer M61S Bitcoin Miner with SHA256 algorithm, 236 TH/s hash rate, and 4320 W power consumption. Best BTC ASIC miner for profitable blockchain mining, low electricity cost, and maximum crypto mining revenue. Buy crypto miners online now.","https://czminers.com/miner/microbt-whatsminer-m61s-bitcoin-miner-8355","https://tradzio-image.s3.eu-north-1.amazonaws.com/uploads/1751028867209-Whatsminer-M61S.webp","in stock","3599.00 USD","whatsminer","new","685e9483b98babef95801480"
"685e97b3b98babef9580148d","NerdMiner NerdQaxe+ Hydro Bitcoin Miner","NerdMiner NerdQaxe+ Hydro Bitcoin Miner with SHA256 algorithm, 2.5 TH/s hash rate, and 60 W power consumption. Best BTC ASIC miner for profitable blockchain mining, low electricity cost, and maximum crypto mining revenue. Buy crypto miners online now.","https://czminers.com/miner/nerdminer-nerdqaxe-hydro-bitcoin-miner","https://tradzio-image.s3.eu-north-1.amazonaws.com/uploads/1751029682103-NerdQaxe-Hyd.png","in stock","489.00 USD","nerdminer","new","685e97b3b98babef9580148d"
"685e9830b98babef95801491","VolcMiner D1 Pro Dogecoin Miner","VolcMiner D1 Pro Dogecoin Miner with SCRYPT algorithm, 18 GH/s hash rate, and 3500 W power consumption. Best DOGE, LTC ASIC miner for profitable blockchain mining, low electricity cost, and maximum crypto mining revenue. Buy crypto miners online now.","https://czminers.com/miner/volcminer-d1-pro-dogecoin-miner","https://tradzio-image.s3.eu-north-1.amazonaws.com/uploads/1751029807637-D1-15.15Gh-1.webp","in stock","8499.00 USD","volcminer","new","685e9830b98babef95801491"
"685e989db98babef95801495","Iceriver AE3 Aleo Miner","Iceriver AE3 Aleo Miner with SCRYPT algorithm, 600 MH/s hash rate, and 1000 W power consumption. Best CTXC ASIC miner for profitable blockchain mining, low electricity cost, and maximum crypto mining revenue. Buy crypto miners online now.","https://czminers.com/miner/iceriver-ae3-aleo-miner","https://tradzio-image.s3.eu-north-1.amazonaws.com/uploads/1751029916403-Iceriver-AE1-Lite.webp","in stock","3699.00 USD","iceriver","new","685e989db98babef95801495"
"685e990bb98babef95801499","Bitmain Antminer S23 Hydro 3U Bitcoin Miner","Bitmain Antminer S23 Hydro 3U Bitcoin Miner with SHA256 algorithm, 1160 TH/s hash rate, and 11020 W power consumption. Best BTC ASIC miner for profitable blockchain mining, low electricity cost, and maximum crypto mining revenue. Buy crypto miners online now.","https://czminers.com/miner/bitmain-antminer-s23-hydro-3u-bitcoin-miner","https://tradzio-image.s3.eu-north-1.amazonaws.com/uploads/1751030026398-S23-Hyd-3U.webp","in stock","29799.00 USD","bitmain","new","685e990bb98babef95801499"
"685e9971b98babef9580149d","Fluminer L1 Pro Dogecoin Miner","Fluminer L1 Pro Dogecoin Miner with SCRYPT algorithm, 6 GH/s hash rate, and 1400 W power consumption. Best DOGE, LTC ASIC miner for profitable blockchain mining, low electricity cost, and maximum crypto mining revenue. Buy crypto miners online now.","https://czminers.com/miner/fluminer-l1-pro-dogecoin-miner","https://tradzio-image.s3.eu-north-1.amazonaws.com/uploads/1751030128585-Fluminer.webp","in stock","3379.00 USD","fluminer","new","685e9971b98babef9580149d"
"685e99f1b98babef958014a3","Bitmain Antminer S23 Immersion Bitcoin Miner","Bitmain Antminer S23 Immersion Bitcoin Miner with SHA256 algorithm, 442 TH/s hash rate, and 5304 W power consumption. Best BTC ASIC miner for profitable blockchain mining, low electricity cost, and maximum crypto mining revenue. Buy crypto miners online now.","https://czminers.com/miner/bitmain-antminer-s23-immersion-bitcoin-miner","https://tradzio-image.s3.eu-north-1.amazonaws.com/uploads/1751030256723-Bitmain-Antminer-S21-Imm.webp","in stock","9889.00 USD","bitmain","new","685e99f1b98babef958014a3"
"685e9a71b98babef958014a7","Bitmain Antminer S23 Bitcoin Miner","Bitmain Antminer S23 Bitcoin Miner with SHA256 algorithm, 318 TH/s hash rate, and 3498 W power consumption. Best BTC ASIC miner for profitable blockchain mining, low electricity cost, and maximum crypto mining revenue. Buy crypto miners online now.","https://czminers.com/miner/bitmain-antminer-s23-bitcoin-miner","https://tradzio-image.s3.eu-north-1.amazonaws.com/uploads/1751030383889-Antminer-S21.webp","in stock","8599.00 USD","bitmain","new","685e9a71b98babef958014a7"
"685e9ad6b98babef958014ad","Bitmain Antminer S23 Hydro Bitcoin Miner","Bitmain Antminer S23 Hydro Bitcoin Miner with SHA256 algorithm, 580 TH/s hash rate, and 5510 W power consumption. Best BTC ASIC miner for profitable blockchain mining, low electricity cost, and maximum crypto mining revenue. Buy crypto miners online now.","https://czminers.com/miner/bitmain-antminer-s23-hydro-bitcoin-miner","https://tradzio-image.s3.eu-north-1.amazonaws.com/uploads/1751030485258-Antminer-S21e-Hydro.webp","in stock","15699.00 USD","bitmain","new","685e9ad6b98babef958014ad"
"685e9b3cb98babef958014b3","Bitaxe Supra Hex 701 Bitcoin Miner","Bitaxe Supra Hex 701 Bitcoin Miner with SHA256 algorithm, 4.2 TH/s hash rate, and 90 W power consumption. Best BTC ASIC miner for profitable blockchain mining, low electricity cost, and maximum crypto mining revenue. Buy crypto miners online now.","https://czminers.com/miner/bitaxe-supra-hex-701-bitcoin-miner","https://tradzio-image.s3.eu-north-1.amazonaws.com/uploads/1751030587178-Supra-Hex.webp","in stock","299.00 USD","bitaxe","new","685e9b3cb98babef958014b3"
"685e9ba5b98babef958014b7","ElphaPex DG 1S Dogecoin Miner","ElphaPex DG 1S Dogecoin Miner with SCRYPT algorithm, 10 GH/s hash rate, and 3100 W power consumption. Best  ASIC miner for profitable blockchain mining, low electricity cost, and maximum crypto mining revenue. Buy crypto miners online now.","https://czminers.com/miner/elphapex-dg-1s-dogecoin-miner","https://tradzio-image.s3.eu-north-1.amazonaws.com/uploads/1751030693238-DG-Hydro-1.webp","in stock","4599.00 USD","elphapex","new","685e9ba5b98babef958014b7"
"685e9c0eb98babef958014bd","ElphaPex DG2+ Dogecoin Miner","ElphaPex DG2+ Dogecoin Miner with SCRYPT algorithm, 20.5 GH/s hash rate, and 3900 W power consumption. Best DOGE, LTC ASIC miner for profitable blockchain mining, low electricity cost, and maximum crypto mining revenue. Buy crypto miners online now.","https://czminers.com/miner/elphapex-dg2-dogecoin-miner","https://tradzio-image.s3.eu-north-1.amazonaws.com/uploads/1751030797562-ElphaPex-DG1.webp","in stock","8999.00 USD","elphapex","new","685e9c0eb98babef958014bd"
"685e9c78b98babef958014c1","NerdMiner NerdQaxe++ Bitcoin Miner","NerdMiner NerdQaxe++ Bitcoin Miner with SHA256 algorithm, 4.8 TH/s hash rate, and 72 W power consumption. Best BTC ASIC miner for profitable blockchain mining, low electricity cost, and maximum crypto mining revenue. Buy crypto miners online now.","https://czminers.com/miner/nerdminer-nerdqaxe-bitcoin-miner","https://tradzio-image.s3.eu-north-1.amazonaws.com/uploads/1751030903604-NerdMiner-NerdQaxe.webp","in stock","399.00 USD","nerdminer","new","685e9c78b98babef958014c1"
"685e9d0db98babef958014c7","Goldshell AE Max Aleo Miner","Goldshell AE Max Aleo Miner with SCRYPT algorithm, 360 MH/s hash rate, and 3300 W power consumption. Best DOGE, LTC ASIC miner for profitable blockchain mining, low electricity cost, and maximum crypto mining revenue. Buy crypto miners online now.","https://czminers.com/miner/goldshell-ae-max-aleo-miner","https://tradzio-image.s3.eu-north-1.amazonaws.com/uploads/1751031052671-Goldshell-AE-MAX.webp","in stock","2349.00 USD","goldshell","new","685e9d0db98babef958014c7"
"685e9d89b98babef958014cb","Iceriver AE1 Lite Aleo Miner","Iceriver AE1 Lite Aleo Miner with SCRYPT algorithm, 300 MH/s hash rate, and 500 W power consumption. Best DOGE, LTC ASIC miner for profitable blockchain mining, low electricity cost, and maximum crypto mining revenue. Buy crypto miners online now.","https://czminers.com/miner/iceriver-ae1-lite-aleo-miner","https://tradzio-image.s3.eu-north-1.amazonaws.com/uploads/1751031176573-Iceriver-AE1-Lite%20%281%29.webp","in stock","1879.00 USD","iceriver","new","685e9d89b98babef958014cb"
"685e9ddbb98babef958014cf","Bitmain Antminer KS7 Kaspa Miner","Bitmain Antminer KS7 Kaspa Miner with SHA256 algorithm, 40 TH/s hash rate, and 3080 W power consumption. Best BTC ASIC miner for profitable blockchain mining, low electricity cost, and maximum crypto mining revenue. Buy crypto miners online now.","https://czminers.com/miner/bitmain-antminer-ks7-kaspa-miner","https://tradzio-image.s3.eu-north-1.amazonaws.com/uploads/1751031259011-Antminer-KS7.webp","in stock","6499.00 USD","bitmain","new","685e9ddbb98babef958014cf"
"685e9ef0b98babef958014d3","Lucky Miner LV06 Bitcoin Miner","Lucky Miner LV06 Bitcoin Miner with SHA256 algorithm, 500 GH/s hash rate, and 13 W power consumption. Best BTC ASIC miner for profitable blockchain mining, low electricity cost, and maximum crypto mining revenue. Buy crypto miners online now.","https://czminers.com/miner/lucky-miner-lv06-bitcoin-miner","https://tradzio-image.s3.eu-north-1.amazonaws.com/uploads/1751031535618-LV06.webp","in stock","99.00 USD","bitmain","new","685e9ef0b98babef958014d3"
"685e9f41b98babef958014d7","Lucky Miner LV08 Bitcoin Miner","Lucky Miner LV08 Bitcoin Miner with SHA256 algorithm, 4.5 TH/s hash rate, and 120 W power consumption. Best BTC ASIC miner for profitable blockchain mining, low electricity cost, and maximum crypto mining revenue. Buy crypto miners online now.","https://czminers.com/miner/lucky-miner-lv08-bitcoin-miner","https://tradzio-image.s3.eu-north-1.amazonaws.com/uploads/1751031616770-LV08-2.webp","in stock","329.00 USD","bitmain","new","685e9f41b98babef958014d7"
"685e9f99b98babef958014db","Lucky Miner LV07 Bitcoin Miner","Lucky Miner LV07 Bitcoin Miner with SHA256 algorithm, 1 TH/s hash rate, and 25 W power consumption. Best BTC ASIC miner for profitable blockchain mining, low electricity cost, and maximum crypto mining revenue. Buy crypto miners online now.","https://czminers.com/miner/lucky-miner-lv07-bitcoin-miner","https://tradzio-image.s3.eu-north-1.amazonaws.com/uploads/1751031705022-LV07-2.webp","in stock","159.00 USD","lucky-miner","new","685e9f99b98babef958014db"
"685ea021b98babef958014df","Goldshell E-AE1M Aleo Miner","Goldshell E-AE1M Aleo Miner with SCRYPT algorithm, 230 MH/s hash rate, and 2000 W power consumption. Best DOGE, LTC ASIC miner for profitable blockchain mining, low electricity cost, and maximum crypto mining revenue. Buy crypto miners online now.","https://czminers.com/miner/goldshell-e-ae1m-aleo-miner","https://tradzio-image.s3.eu-north-1.amazonaws.com/uploads/1751031840295-Goldshell-E-AE1M.webp","in stock","1099.00 USD","goldshell","new","685ea021b98babef958014df"
"685ea06db98babef958014e3","Bitaxe Touch Bitcoin Miner","Bitaxe Touch Bitcoin Miner with SHA256 algorithm, 1.6 TH/s hash rate, and 22 W power consumption. Best BTC ASIC miner for profitable blockchain mining, low electricity cost, and maximum crypto mining revenue. Buy crypto miners online now.","https://czminers.com/miner/bitaxe-touch-bitcoin-miner","https://tradzio-image.s3.eu-north-1.amazonaws.com/uploads/1751031916388-B-Touch.webp","in stock","499.00 USD","bitaxe","new","685ea06db98babef958014e3"
"685ea0dbb98babef958014f1","Bitmain Antminer S21e Hydro Bitcoin Miner","Bitmain Antminer S21e Hydro Bitcoin Miner with SHA256 algorithm, 288 TH/s hash rate, and 4896 W power consumption. Best BTC ASIC miner for profitable blockchain mining, low electricity cost, and maximum crypto mining revenue. Buy crypto miners online now.","https://czminers.com/miner/bitmain-antminer-s21e-hydro-bitcoin-miner","https://tradzio-image.s3.eu-north-1.amazonaws.com/uploads/1751032026346-Antminer-S21e-Hydro%20%281%29.webp","in stock","4299.00 USD","bitmain","new","685ea0dbb98babef958014f1"
"685ea13db98babef958014f5","Goldshell Byte Aleo Miner & Dogecoin Miner","Goldshell Byte Aleo Miner & Dogecoin Miner with SCRYPT algorithm, 80 MH/s hash rate, and 65 W power consumption. Best DOGE, LTC ASIC miner for profitable blockchain mining, low electricity cost, and maximum crypto mining revenue. Buy crypto miners online now.","https://czminers.com/miner/goldshell-byte-aleo-miner-and-dogecoin-miner","https://tradzio-image.s3.eu-north-1.amazonaws.com/uploads/1751032124759-BYTE.webp","in stock","679.00 USD","goldshell","new","685ea13db98babef958014f5"
"685ea19ab98babef958014fb","Fluminer L2 Dogecoin Miner","Fluminer L2 Dogecoin Miner with SCRYPT algorithm, 1 GH/s hash rate, and 230 W power consumption. Best DOGE, LTC ASIC miner for profitable blockchain mining, low electricity cost, and maximum crypto mining revenue. Buy crypto miners online now.","https://czminers.com/miner/fluminer-l2-dogecoin-miner","https://tradzio-image.s3.eu-north-1.amazonaws.com/uploads/1751032217845-L2.webp","in stock","799.00 USD","fluminer","new","685ea19ab98babef958014fb"
"685ea1e7b98babef958014ff","ElphaPex DG2 Dogecoin Miner","ElphaPex DG2 Dogecoin Miner with SCRYPT algorithm, 16 GH/s hash rate, and 3520 W power consumption. Best DOGE, LTC ASIC miner for profitable blockchain mining, low electricity cost, and maximum crypto mining revenue. Buy crypto miners online now.","https://czminers.com/miner/elphapex-dg2-dogecoin-miner-6239","https://tradzio-image.s3.eu-north-1.amazonaws.com/uploads/1751032295002-ElphaPex-DG1%20%281%29.webp","in stock","9499.00 USD","elphapex","new","685ea1e7b98babef958014ff"
"685ea23ab98babef95801503","Bitdeer SealMiner A2 Pro Hydro Bitcoin Miner","Bitdeer SealMiner A2 Pro Hydro Bitcoin Miner with SHA256 algorithm, 500 TH/s hash rate, and 7450 W power consumption. Best BTC ASIC miner for profitable blockchain mining, low electricity cost, and maximum crypto mining revenue. Buy crypto miners online now.","https://czminers.com/miner/bitdeer-sealminer-a2-pro-hydro-bitcoin-miner","https://tradzio-image.s3.eu-north-1.amazonaws.com/uploads/1751032377381-Bitdeer-A2-Pro-Hyd.webp","in stock","8499.00 USD","bitdeer","new","685ea23ab98babef95801503"
"685ea27fb98babef95801507","Bitdeer SealMiner A2 Pro Air Bitcoin Miner","Bitdeer SealMiner A2 Pro Air Bitcoin Miner with SHA256 algorithm, 255 TH/s hash rate, and 3790 W power consumption. Best BTC ASIC miner for profitable blockchain mining, low electricity cost, and maximum crypto mining revenue. Buy crypto miners online now.","https://czminers.com/miner/bitdeer-sealminer-a2-pro-air-bitcoin-miner","https://tradzio-image.s3.eu-north-1.amazonaws.com/uploads/1751032447167-Bitdeer-A2-Pro-Air.webp","in stock","4299.00 USD","bitdeer","new","685ea27fb98babef95801507"
"685ea2cab98babef9580150b","Bitaxe Gamma 601 Bitcoin Miner","Bitaxe Gamma 601 Bitcoin Miner with SHA256 algorithm, 1.2 TH/s hash rate, and 17 W power consumption. Best BTC ASIC miner for profitable blockchain mining, low electricity cost, and maximum crypto mining revenue. Buy crypto miners online now.","https://czminers.com/miner/bitaxe-gamma-601-bitcoin-miner","https://tradzio-image.s3.eu-north-1.amazonaws.com/uploads/1751032521861-Normal-Gamma-Version.webp","in stock","89.00 USD","bitaxe","new","685ea2cab98babef9580150b"
"685ea333b98babef9580150f","Iceriver KS7 Lite Kaspa Miner","Iceriver KS7 Lite Kaspa Miner with KAWPOW algorithm, 4.2 TH/s hash rate, and 500W power consumption. Best KAS ASIC miner for profitable blockchain mining, low electricity cost, and maximum crypto mining revenue. Buy crypto miners online now.","https://czminers.com/miner/iceriver-ks7-lite-kaspa-miner","https://tradzio-image.s3.eu-north-1.amazonaws.com/uploads/1751032626692-KS7-Lite-1.webp","in stock","799.00 USD","iceriver","new","685ea333b98babef9580150f"
"685ea387b98babef95801513","Goldshell AE Box II Aleo Miner","Goldshell AE Box II Aleo Miner with SCRYPT algorithm, 54 MH/s hash rate, and 530 W power consumption. Best DOGE ASIC miner for profitable blockchain mining, low electricity cost, and maximum crypto mining revenue. Buy crypto miners online now.","https://czminers.com/miner/goldshell-ae-box-ii-aleo-miner","https://tradzio-image.s3.eu-north-1.amazonaws.com/uploads/1751032710711-Goldshell-AE-Box-II.webp","in stock","329.00 USD","goldshell","new","685ea387b98babef95801513"
"685ea3d0b98babef95801517","Iceriver KS7 Kaspa Miner (30Th)","Iceriver KS7 Kaspa Miner (30Th) with KAWPOW algorithm, 30 TH/s hash rate, and 3500W power consumption. Best KAS ASIC miner for profitable blockchain mining, low electricity cost, and maximum crypto mining revenue. Buy crypto miners online now.","https://czminers.com/miner/iceriver-ks7-kaspa-miner-30th","https://tradzio-image.s3.eu-north-1.amazonaws.com/uploads/1751032783401-KS7.webp","in stock","4599.00 USD","iceriver","new","685ea3d0b98babef95801517"
"685ea430b98babef9580151b","Canaan Avalon Q Bitcoin Miner","Canaan Avalon Q Bitcoin Miner with SHA256 algorithm, 90 TH/s hash rate, and 1674 W power consumption. Best BTC ASIC miner for profitable blockchain mining, low electricity cost, and maximum crypto mining revenue. Buy crypto miners online now.","https://czminers.com/miner/canaan-avalon-q-bitcoin-miner","https://tradzio-image.s3.eu-north-1.amazonaws.com/uploads/1751032879312-Q.webp","in stock","1549.00 USD","canaan-avalon","new","685ea430b98babef9580151b"
"685ea470b98babef9580151f","Bitmain Antminer S19e XP Hydro Bitcoin Miner","Bitmain Antminer S19e XP Hydro Bitcoin Miner with SHA256 algorithm, 251 TH/s hash rate, and 5522 W power consumption. Best BTC ASIC miner for profitable blockchain mining, low electricity cost, and maximum crypto mining revenue. Buy crypto miners online now.","https://czminers.com/miner/bitmain-antminer-s19e-xp-hydro-bitcoin-miner","https://tradzio-image.s3.eu-north-1.amazonaws.com/uploads/1751032943343-Antminer-S19-XP-Hydro.webp","in stock","2999.00 USD","bitmain","new","685ea470b98babef9580151f"
"685ea4adb98babef95801523","Bitdeer SealMiner A2 Hydro Bitcoin Miner","Bitdeer SealMiner A2 Hydro Bitcoin Miner with SHA256 algorithm, 446 TH/s hash rate, and 7360 W power consumption. Best BTC ASIC miner for profitable blockchain mining, low electricity cost, and maximum crypto mining revenue. Buy crypto miners online now.","https://czminers.com/miner/bitdeer-sealminer-a2-hydro-bitcoin-miner","https://tradzio-image.s3.eu-north-1.amazonaws.com/uploads/1751033005215-Bitdeer-A2-Hyd.webp","in stock","8999.00 USD","bitdeer","new","685ea4adb98babef95801523"
"685ea4f8b98babef95801527","Bitdeer SealMiner A2 Bitcoin Miner","Bitdeer SealMiner A2 Bitcoin Miner with SHA256 algorithm, 230 TH/s hash rate, and 3730 W power consumption. Best BTC ASIC miner for profitable blockchain mining, low electricity cost, and maximum crypto mining revenue. Buy crypto miners online now.","https://czminers.com/miner/bitdeer-sealminer-a2-bitcoin-miner","https://tradzio-image.s3.eu-north-1.amazonaws.com/uploads/1751033079769-Bitdeer-A2.webp","in stock","3059.00 USD","bitdeer","new","685ea4f8b98babef95801527"
"685ea54bb98babef9580152b","Goldshell AE Box Pro Aleo Miner","Goldshell AE Box Pro Aleo Miner with SHA256 algorithm, 44 TH/s hash rate, and 460 W power consumption. Best BTC ASIC miner for profitable blockchain mining, low electricity cost, and maximum crypto mining revenue. Buy crypto miners online now.","https://czminers.com/miner/goldshell-ae-box-pro-aleo-miner","https://tradzio-image.s3.eu-north-1.amazonaws.com/uploads/1751033162547-Goldshell-AE-Box.webp","in stock","679.00 USD","goldshell","new","685ea54bb98babef9580152b"
"685ea594b98babef9580152f","Bitmain Antminer S19 XP+ Hydro Bitcoin Miner","Bitmain Antminer S19 XP+ Hydro Bitcoin Miner with SHA256 algorithm, 293 TH/s hash rate, and 5301 W power consumption. Best BTC ASIC miner for profitable blockchain mining, low electricity cost, and maximum crypto mining revenue. Buy crypto miners online now.","https://czminers.com/miner/bitmain-antminer-s19-xp-hydro-bitcoin-miner","https://tradzio-image.s3.eu-north-1.amazonaws.com/uploads/1751033235259-Antminer-S19-XP-Hydro%20%281%29.webp","in stock","3649.00 USD","bitmain","new","685ea594b98babef9580152f"
"685ea5ebb98babef95801533","Bitmain Antminer S21 XP+ Hydro Bitcoin Miner","Bitmain Antminer S21 XP+ Hydro Bitcoin Miner with SHA256 algorithm, 500 TH/s hash rate, and 5500 W power consumption. Best BTC ASIC miner for profitable blockchain mining, low electricity cost, and maximum crypto mining revenue. Buy crypto miners online now.","https://czminers.com/miner/bitmain-antminer-s21-xp-hydro-bitcoin-miner","https://tradzio-image.s3.eu-north-1.amazonaws.com/uploads/1751033323018-Bitmain-Antminer-S21-XP-Hyd.webp","in stock","9999.00 USD","bitmain","new","685ea5ebb98babef95801533"
"685ea65bb98babef95801537","Bitmain Antminer E11 ETC Miner","Bitmain Antminer E11 ETC Miner with X11 algorithm, 9 GH/s hash rate, and 2340 W power consumption. Best ETC ASIC miner for profitable blockchain mining, low electricity cost, and maximum crypto mining revenue. Buy crypto miners online now.","https://czminers.com/miner/bitmain-antminer-e11-etc-miner","https://tradzio-image.s3.eu-north-1.amazonaws.com/uploads/1751033434551-Antminer-E11.webp","in stock","5999.00 USD","bitmain","new","685ea65bb98babef95801537"
"685ea6a7b98babef9580153b","Goldshell AE Box Aleo Miner","Goldshell AE Box Aleo Miner with SCRYPT algorithm, 37 MH/s hash rate, and 360 W power consumption. Best DOGE, KAS ASIC miner for profitable blockchain mining, low electricity cost, and maximum crypto mining revenue. Buy crypto miners online now.","https://czminers.com/miner/goldshell-ae-box-aleo-miner","https://tradzio-image.s3.eu-north-1.amazonaws.com/uploads/1751033510869-Goldshell-AE-Box%20%281%29.webp","in stock","579.00 USD","goldshell","new","685ea6a7b98babef9580153b"
"685ea70ab98babef9580153f","VolcMiner D1 Hydro Dogecoin Miner","VolcMiner D1 Hydro Dogecoin Miner with SCRYPT algorithm, 33 GH/s hash rate, and 9300 W power consumption. Best DOGE, LTC ASIC miner for profitable blockchain mining, low electricity cost, and maximum crypto mining revenue. Buy crypto miners online now.","https://czminers.com/miner/volcminer-d1-hydro-dogecoin-miner","https://tradzio-image.s3.eu-north-1.amazonaws.com/uploads/1751033609309-Volcminer-D1-Hydro.webp","in stock","12099.00 USD","volcminer","new","685ea70ab98babef9580153f"
"685ea759b98babef95801543","VolcMiner D1 Lite Dogecoin Miner","VolcMiner D1 Lite Dogecoin Miner with SCRYPT algorithm, 14 Gh/s hash rate, and 4150 W power consumption. Best DOGE, LTC ASIC miner for profitable blockchain mining, low electricity cost, and maximum crypto mining revenue. Buy crypto miners online now.","https://czminers.com/miner/volcminer-d1-lite-dogecoin-miner","https://tradzio-image.s3.eu-north-1.amazonaws.com/uploads/1751033688247-VolcMiner-D1-Lite.webp","in stock","6049.00 USD","volcminer","new","685ea759b98babef95801543"
"685ea7b4b98babef95801547","Canaan Avalon Mini 3 Bitcoin Miner","Canaan Avalon Mini 3 Bitcoin Miner with SHA256 algorithm, 37 TH/s hash rate, and 800 W power consumption. Best BTC ASIC miner for profitable blockchain mining, low electricity cost, and maximum crypto mining revenue. Buy crypto miners online now.","https://czminers.com/miner/canaan-avalon-mini-3-bitcoin-miner","https://tradzio-image.s3.eu-north-1.amazonaws.com/uploads/1751033779208-Mini-3.webp","in stock","729.00 USD","canaan-avalon","new","685ea7b4b98babef95801547"
"685ea814b98babef9580154b","DragonBall Miner A21 Nexa Miner","DragonBall Miner A21 Nexa Miner with SCRYPT algorithm, 3.4 GH/s hash rate, and 1800 W power consumption. Best DOGE, LTC ASIC miner for profitable blockchain mining, low electricity cost, and maximum crypto mining revenue. Buy crypto miners online now.","https://czminers.com/miner/dragonball-miner-a21-nexa-miner","https://tradzio-image.s3.eu-north-1.amazonaws.com/uploads/1751033875720-Dragonball-A21.webp","in stock","5999.00 USD","dragonball","new","685ea814b98babef9580154b"
"685ea861b98babef9580154f","Bombax Miner EZ100 Pro ETC Miner","Bombax Miner EZ100 Pro ETC Miner with EQUIHASH algorithm, 15500 MH/s hash rate, and 3100 W power consumption. Best ETC ASIC miner for profitable blockchain mining, low electricity cost, and maximum crypto mining revenue. Buy crypto miners online now.","https://czminers.com/miner/bombax-miner-ez100-pro-etc-miner","https://tradzio-image.s3.eu-north-1.amazonaws.com/uploads/1751033952969-Bombax-EZ100.webp","in stock","12599.00 USD","bombax-miner","new","685ea861b98babef9580154f"
"685ea8abb98babef95801553","VolcMiner D1 Mini Pre Dogecoin Miner","VolcMiner D1 Mini Pre Dogecoin Miner with SCRYPT algorithm, 2.2 GH/s hash rate, and 500W power consumption. Best DOGE ASIC miner for profitable blockchain mining, low electricity cost, and maximum crypto mining revenue. Buy crypto miners online now.","https://czminers.com/miner/volcminer-d1-mini-pre-dogecoin-miner","https://tradzio-image.s3.eu-north-1.amazonaws.com/uploads/1751034026086-Mini.webp","in stock","1399.00 USD","volcminer","new","685ea8abb98babef95801553"
"685ea8f0b98babef95801557","iPollo V2 ETC Miner","iPollo V2 ETC Miner with EQUIHASH algorithm, 10 GH/s hash rate, and 1500 W power consumption. Best ETC ASIC miner for profitable blockchain mining, low electricity cost, and maximum crypto mining revenue. Buy crypto miners online now.","https://czminers.com/miner/ipollo-v2-etc-miner","https://tradzio-image.s3.eu-north-1.amazonaws.com/uploads/1751034095815-iPollo-V2.webp","in stock","7999.00 USD","ipollo","new","685ea8f0b98babef95801557"
"685eaa8ab98babef9580155d","Fluminer L1 Dogecoin Miner","Fluminer L1 Dogecoin Miner with SCRYPT algorithm, 5.6 GH/s hash rate, and 1300 W power consumption. Best DOGE, LTC ASIC miner for profitable blockchain mining, low electricity cost, and maximum crypto mining revenue. Buy crypto miners online now.","https://czminers.com/miner/fluminer-l1-dogecoin-miner","https://tradzio-image.s3.eu-north-1.amazonaws.com/uploads/1751034505439-Fluminer%20%281%29.webp","in stock","2849.00 USD","fluminer","new","685eaa8ab98babef9580155d"
"685eaadeb98babef95801561","Goldshell AL Max Alephium Miner","Goldshell AL Max Alephium Miner with SCRYPT algorithm, 8.3 TH/s hash rate, and 3350 W power consumption. Best DOGE ASIC miner for profitable blockchain mining, low electricity cost, and maximum crypto mining revenue. Buy crypto miners online now.","https://czminers.com/miner/goldshell-al-max-alephium-miner","https://tradzio-image.s3.eu-north-1.amazonaws.com/uploads/1751034589612-Goldshell-AL-Max.webp","in stock","2249.00 USD","goldshell","new","685eaadeb98babef95801561"
"685eab28b98babef95801565","iPollo V2H ETC Miner","iPollo V2H ETC Miner with ETHASH algorithm, 3600 MH/s hash rate, and 475 W power consumption. Best ETC ASIC miner for profitable blockchain mining, low electricity cost, and maximum crypto mining revenue. Buy crypto miners online now.","https://czminers.com/miner/ipollo-v2h-etc-miner","https://tradzio-image.s3.eu-north-1.amazonaws.com/uploads/1751034663112-Ipollo-V2H.webp","in stock","3099.00 USD","ipollo","new","685eab28b98babef95801565"
"685eab67b98babef95801569","iPollo V2X ETC Miner","iPollo V2X ETC Miner with ETHASH algorithm, 1200 MH/s hash rate, and 165 W power consumption. Best ETC ASIC miner for profitable blockchain mining, low electricity cost, and maximum crypto mining revenue. Buy crypto miners online now.","https://czminers.com/miner/ipollo-v2x-etc-miner","https://tradzio-image.s3.eu-north-1.amazonaws.com/uploads/1751034726734-V2X.webp","in stock","1149.00 USD","ipollo","new","685eab67b98babef95801569"
"685eabb5b98babef9580156d","iBeLink BM-L3 Dogecoin Miner","iBeLink BM-L3 Dogecoin Miner with SCRYPT algorithm, 3.2 GH/s hash rate, and 3000 W power consumption. Best DOGE, LTC ASIC miner for profitable blockchain mining, low electricity cost, and maximum crypto mining revenue. Buy crypto miners online now.","https://czminers.com/miner/ibelink-bm-l3-dogecoin-miner","https://tradzio-image.s3.eu-north-1.amazonaws.com/uploads/1751034804283-iBeLink-BM-S3.webp","in stock","1999.00 USD","ibelink","new","685eabb5b98babef9580156d"
"685eac00b98babef95801571","ElphaPex DG Hydro 1 Dogecoin Miner","ElphaPex DG Hydro 1 Dogecoin Miner with SCRYPT algorithm, 20 GH/s hash rate, and 6200 W power consumption. Best DOGE, LTC ASIC miner for profitable blockchain mining, low electricity cost, and maximum crypto mining revenue. Buy crypto miners online now.","https://czminers.com/miner/elphapex-dg-hydro-1-dogecoin-miner","https://tradzio-image.s3.eu-north-1.amazonaws.com/uploads/1751034879441-DG-Hydro-1%20%281%29.webp","in stock","9979.00 USD","elphapex","new","685eac00b98babef95801571"
"685eac52b98babef95801575","Canaan Avalon A1366I Bitcoin Miner","Canaan Avalon A1366I Bitcoin Miner with SHA256 algorithm, 122 TH/s hash rate, and 3570 W power consumption. Best BTC ASIC miner for profitable blockchain mining, low electricity cost, and maximum crypto mining revenue. Buy crypto miners online now.","https://czminers.com/miner/canaan-avalon-a1366i-bitcoin-miner","https://tradzio-image.s3.eu-north-1.amazonaws.com/uploads/1751034961984-A1366I.webp","in stock","1399.00 USD","canaan-avalon","new","685eac52b98babef95801575"
"685eac95b98babef95801579","Canaan Avalon A15XP Bitcoin Miner","Canaan Avalon A15XP Bitcoin Miner with SHA256 algorithm, 206 TH/s hash rate, and 3667 W power consumption. Best BTC ASIC miner for profitable blockchain mining, low electricity cost, and maximum crypto mining revenue. Buy crypto miners online now.","https://czminers.com/miner/canaan-avalon-a15xp-bitcoin-miner","https://tradzio-image.s3.eu-north-1.amazonaws.com/uploads/1751035028837-A15XP.webp","in stock","3579.00 USD","canaan-avalon","new","685eac95b98babef95801579"
"685eacdbb98babef9580157d","Jasminer X44-P ETC Miner 8GB","Jasminer X44-P ETC Miner 8GB with ETHASH algorithm, 23400 MH/s hash rate, and 2550 W power consumption. Best ETC ASIC miner for profitable blockchain mining, low electricity cost, and maximum crypto mining revenue. Buy crypto miners online now.","https://czminers.com/miner/jasminer-x44-p-etc-miner-8gb","https://tradzio-image.s3.eu-north-1.amazonaws.com/uploads/1751035098967-Jasminer-X44-P-23400Mh.webp","in stock","14999.00 USD","jasminer","new","685eacdbb98babef9580157d"
"685ead20b98babef95801581","Bitmain Antminer S21e XP Hydro Bitcoin Miner","Bitmain Antminer S21e XP Hydro Bitcoin Miner with SHA256 algorithm, 430 TH/s hash rate, and 5590 W power consumption. Best BTC ASIC miner for profitable blockchain mining, low electricity cost, and maximum crypto mining revenue. Buy crypto miners online now.","https://czminers.com/miner/bitmain-antminer-s21e-xp-hydro-bitcoin-miner","https://tradzio-image.s3.eu-north-1.amazonaws.com/uploads/1751035167619-Antminer-S21e-XP-Hydro.webp","in stock","13399.00 USD","bitmain","new","685ead20b98babef95801581"
"685ead61b98babef95801585","Canaan Avalon A15 Bitcoin Miner","Canaan Avalon A15 Bitcoin Miner with SHA256 algorithm, 194 TH/s hash rate, and 3647 W power consumption. Best BTC ASIC miner for profitable blockchain mining, low electricity cost, and maximum crypto mining revenue. Buy crypto miners online now.","https://czminers.com/miner/canaan-avalon-a15-bitcoin-miner","https://tradzio-image.s3.eu-north-1.amazonaws.com/uploads/1751035233099-A15.webp","in stock","3099.00 USD","canaan-avalon","new","685ead61b98babef95801585"
"685eadbcb98babef95801589","VolcMiner D1 Dogecoin Miner","VolcMiner D1 Dogecoin Miner with SCRYPT algorithm, 16.2 GH/s hash rate, and 3900 W power consumption. Best DOGE, LTC ASIC miner for profitable blockchain mining, low electricity cost, and maximum crypto mining revenue. Buy crypto miners online now.","https://czminers.com/miner/volcminer-d1-dogecoin-miner","https://tradzio-image.s3.eu-north-1.amazonaws.com/uploads/1751035324204-D1-15.15Gh-1%20%281%29.webp","in stock","6599.00 USD","volcminer","new","685eadbcb98babef95801589"
"685eae2db98babef9580158d","Goldshell DG Max Dogecoin Miner","Goldshell DG Max Dogecoin Miner with SCRYPT algorithm, 6.5 GH/s hash rate, and 3400 W power consumption. Best DOGE, LTC ASIC miner for profitable blockchain mining, low electricity cost, and maximum crypto mining revenue. Buy crypto miners online now.","https://czminers.com/miner/goldshell-dg-max-dogecoin-miner","https://tradzio-image.s3.eu-north-1.amazonaws.com/uploads/1751035437146-Goldshell-DG-Max%20%281%29.webp","in stock","2299.00 USD","goldshell","new","685eae2db98babef9580158d"
"685eae70b98babef95801591","Bitmain Antminer S21 Immersion Bitcoin Miner","Bitmain Antminer S21 Immersion Bitcoin Miner with SHA256 algorithm, 301 TH/s hash rate, and 5569 W power consumption. Best BTC ASIC miner for profitable blockchain mining, low electricity cost, and maximum crypto mining revenue. Buy crypto miners online now.","https://czminers.com/miner/bitmain-antminer-s21-immersion-bitcoin-miner","https://tradzio-image.s3.eu-north-1.amazonaws.com/uploads/1751035503642-Bitmain-Antminer-S21-Imm%20%281%29.webp","in stock","4299.00 USD","bitmain","new","685eae70b98babef95801591"
"685eaec4b98babef95801595","Bitmain Antminer S21+ Hydro Bitcoin Miner","Bitmain Antminer S21+ Hydro Bitcoin Miner with SHA256 algorithm, 395 TH/s hash rate, and 4785 W power consumption. Best BTC ASIC miner for profitable blockchain mining, low electricity cost, and maximum crypto mining revenue. Buy crypto miners online now.","https://czminers.com/miner/bitmain-antminer-s21-hydro-bitcoin-miner","https://tradzio-image.s3.eu-north-1.amazonaws.com/uploads/1751035587159-Antminer-S21-Hydro.webp","in stock","5599.00 USD","bitmain","new","685eaec4b98babef95801595"
"685eaf1cb98babef9580159d","Bitmain Antminer S21+ Bitcoin Miner","Bitmain Antminer S21+ Bitcoin Miner with SHA256 algorithm, 235TH/s hash rate, and 3564 W power consumption. Best BTC ASIC miner for profitable blockchain mining, low electricity cost, and maximum crypto mining revenue. Buy crypto miners online now.","https://czminers.com/miner/bitmain-antminer-s21-bitcoin-miner","https://tradzio-image.s3.eu-north-1.amazonaws.com/uploads/1751035675424-Antminer-S21%20%282%29.webp","in stock","3429.00 USD","bitmain","new","685eaf1cb98babef9580159d"
"685eaf65b98babef958015a1","Canaan Avalon A1566I Bitcoin Miner","Canaan Avalon A1566I Bitcoin Miner with SHA256 algorithm, 249 TH/s hash rate, and 4500 W power consumption. Best BTC ASIC miner for profitable blockchain mining, low electricity cost, and maximum crypto mining revenue. Buy crypto miners online now.","https://czminers.com/miner/canaan-avalon-a1566i-bitcoin-miner","https://tradzio-image.s3.eu-north-1.amazonaws.com/uploads/1751035749102-A1566I.webp","in stock","48579.00 USD","bitmain","new","685eaf65b98babef958015a1"
"685eafc4b98babef958015a5","Iceriver AL3 Alephium Miner (15Th)","Iceriver AL3 Alephium Miner (15Th) with VERTHASH algorithm, 15 TH/s hash rate, and 3500 W power consumption. Best CTXC ASIC miner for profitable blockchain mining, low electricity cost, and maximum crypto mining revenue. Buy crypto miners online now.","https://czminers.com/miner/iceriver-al3-alephium-miner-15th","https://tradzio-image.s3.eu-north-1.amazonaws.com/uploads/1751035844231-Iceriver-AL3.webp","in stock","2099.00 USD","iceriver","new","685eafc4b98babef958015a5"
"685fef3d08f7c7cd55c21600","Bitmain Antminer S21e XP Hydro 3U BTC Miner","Bitmain Antminer S21e XP Hydro 3U BTC Miner with SHA256 algorithm, 860 TH/s hash rate, and 11180 W power consumption. Best BTC ASIC miner for profitable blockchain mining, low electricity cost, and maximum crypto mining revenue. Buy crypto miners online now.","https://czminers.com/miner/bitmain-antminer-s21e-xp-hydro-3u-btc-miner","https://tradzio-image.s3.eu-north-1.amazonaws.com/uploads/1751117628365-S21e-XP-Hyd.webp","in stock","20999.00 USD","bitmain","new","685fef3d08f7c7cd55c21600"
"685fef9008f7c7cd55c21604","Goldshell E-AL1M Alephium Miner","Goldshell E-AL1M Alephium Miner with SCRYPT algorithm, 4.4 TH/s hash rate, and 1800 W power consumption. Best DOGE, LTC ASIC miner for profitable blockchain mining, low electricity cost, and maximum crypto mining revenue. Buy crypto miners online now.","https://czminers.com/miner/goldshell-e-al1m-alephium-miner","https://tradzio-image.s3.eu-north-1.amazonaws.com/uploads/1751117711774-Goldshell-E-AL1M.webp","in stock","1799.00 USD","goldshell","new","685fef9008f7c7cd55c21604"
"685fefdd08f7c7cd55c21608","DragonBall Miner A40 Alephium Miner","DragonBall Miner A40 Alephium Miner with SCRYPT algorithm, 3.3 TH/s hash rate, and 1600 W power consumption. Best DOGE, LTC ASIC miner for profitable blockchain mining, low electricity cost, and maximum crypto mining revenue. Buy crypto miners online now.","https://czminers.com/miner/dragonball-miner-a40-alephium-miner","https://tradzio-image.s3.eu-north-1.amazonaws.com/uploads/1751117788842-Dragonball-A40.webp","in stock","3799.00 USD","dragonball","new","685fefdd08f7c7cd55c21608"
"685ff04908f7c7cd55c2160c","DragonBall Miner A11 Radiant Miner","DragonBall Miner A11 Radiant Miner with NEXPOW algorithm, 3 Th/s hash rate, and 2300 W power consumption. Best RXD ASIC miner for profitable blockchain mining, low electricity cost, and maximum crypto mining revenue. Buy crypto miners online now.","https://czminers.com/miner/dragonball-miner-a11-radiant-miner","https://tradzio-image.s3.eu-north-1.amazonaws.com/uploads/1751117896736-Iceriver-RX0.webp","in stock","2799.00 USD","dragonball","new","685ff04908f7c7cd55c2160c"
"685ff0a108f7c7cd55c21610","Goldshell E-DG1M Dogecoin Miner","Goldshell E-DG1M Dogecoin Miner with SCRYPT algorithm, 3.4 GH/s hash rate, and 1800 W power consumption. Best DOGE, LTC ASIC miner for profitable blockchain mining, low electricity cost, and maximum crypto mining revenue. Buy crypto miners online now.","https://czminers.com/miner/goldshell-e-dg1m-dogecoin-miner","https://tradzio-image.s3.eu-north-1.amazonaws.com/uploads/1751117984733-Goldshell-E-DG1M.webp","in stock","2179.00 USD","goldshell","new","685ff0a108f7c7cd55c21610"
"685ff10308f7c7cd55c21614","Bitmain Antminer S19 Pro++ Bitcoin Miner","Bitmain Antminer S19 Pro++ Bitcoin Miner with SHA256 algorithm, 125 TH/s hash rate, and 3250 W power consumption. Best BTC ASIC miner for profitable blockchain mining, low electricity cost, and maximum crypto mining revenue. Buy crypto miners online now.","https://czminers.com/miner/bitmain-antminer-s19-pro-bitcoin-miner","https://tradzio-image.s3.eu-north-1.amazonaws.com/uploads/1751118082879-Bitmain-Antminer-S19-Pro.webp","in stock","1349.00 USD","bitmain","new","685ff10308f7c7cd55c21614"
"685ff15208f7c7cd55c21618","ElphaPex DG Home 1 Dogecoin Miner","ElphaPex DG Home 1 Dogecoin Miner with SCRYPT algorithm, 2100 MH/s hash rate, and 630 W power consumption. Best DOGE, LTC ASIC miner for profitable blockchain mining, low electricity cost, and maximum crypto mining revenue. Buy crypto miners online now.","https://czminers.com/miner/elphapex-dg-home-1-dogecoin-miner","https://tradzio-image.s3.eu-north-1.amazonaws.com/uploads/1751118162169-ElphaPex-DG-Home-1-2.webp","in stock","1349.00 USD","elphapex","new","685ff15208f7c7cd55c21618"
"685ff19f08f7c7cd55c2161c","Goldshell E-KA1M Kaspa Miner","Goldshell E-KA1M Kaspa Miner with KAWPOW algorithm, 5.5 TH/s hash rate, and 1800 W power consumption. Best KAS ASIC miner for profitable blockchain mining, low electricity cost, and maximum crypto mining revenue. Buy crypto miners online now.","https://czminers.com/miner/goldshell-e-ka1m-kaspa-miner","https://tradzio-image.s3.eu-north-1.amazonaws.com/uploads/1751118238824-Goldshell-E-KA1M.webp","in stock","1679.00 USD","goldshell","new","685ff19f08f7c7cd55c2161c"
"685ff1fe08f7c7cd55c21620","Bitmain Antminer AL1 Pro Alephium Miner","Bitmain Antminer AL1 Pro Alephium Miner with SHA256 algorithm, 290 TH/s hash rate, and 3730 W power consumption. Best BTC ASIC miner for profitable blockchain mining, low electricity cost, and maximum crypto mining revenue. Buy crypto miners online now.","https://czminers.com/miner/bitmain-antminer-al1-pro-alephium-miner","https://tradzio-image.s3.eu-north-1.amazonaws.com/uploads/1751118333826-Bitmain-Antminer-AL1-Pro.webp","in stock","10149.00 USD","bitmain","new","685ff1fe08f7c7cd55c21620"
"685ff2c108f7c7cd55c21624","Bitmain Antminer S21 XP Hydro Bitcoin Miner","Bitmain Antminer S21 XP Hydro Bitcoin Miner with SHA256 algorithm, 473 TH/s hash rate, and 5676 W power consumption. Best BTC, BCH, BTG ASIC miner for profitable blockchain mining, low electricity cost, and maximum crypto mining revenue. Buy crypto miners online now.","https://czminers.com/miner/bitmain-antminer-s21-xp-hydro-bitcoin-miner-1334","https://tradzio-image.s3.eu-north-1.amazonaws.com/uploads/1751118529064-Bitmain-Antminer-S21-XP-Hyd.webp","in stock","9599.00 USD","bitmain","new","685ff2c108f7c7cd55c21624"
"685ff31f08f7c7cd55c21628","Bitmain Antminer S21 XP Immersion Bitcoin Miner","Bitmain Antminer S21 XP Immersion Bitcoin Miner with SHA256 algorithm, 300 TH/s hash rate, and 4050 W power consumption. Best BTC, BCH, BTG ASIC miner for profitable blockchain mining, low electricity cost, and maximum crypto mining revenue. Buy crypto miners online now.","https://czminers.com/miner/bitmain-antminer-s21-xp-immersion-bitcoin-miner","https://tradzio-image.s3.eu-north-1.amazonaws.com/uploads/1751118622366-Antminer-S21-XP-Imm.webp","in stock","6299.00 USD","bitmain","new","685ff31f08f7c7cd55c21628"
"685ff36f08f7c7cd55c2162c","Bitmain Antminer S21 XP Bitcoin Miner","Bitmain Antminer S21 XP Bitcoin Miner with SHA256 algorithm, 270 TH/s hash rate, and 3645 W power consumption. Best BTC, BCH, BTG ASIC miner for profitable blockchain mining, low electricity cost, and maximum crypto mining revenue. Buy crypto miners online now.","https://czminers.com/miner/bitmain-antminer-s21-xp-bitcoin-miner","https://tradzio-image.s3.eu-north-1.amazonaws.com/uploads/1751118702278-Bitmain-Antminer-S21-XP.webp","in stock","5699.00 USD","bitmain","new","685ff36f08f7c7cd55c2162c"
"685ff3bc08f7c7cd55c21630","Jasminer X16-Q Pro ETC Miner 8GB","Jasminer X16-Q Pro ETC Miner 8GB with ETHASH algorithm, 2050 MH/s hash rate, and 520 W power consumption. Best ETC ASIC miner for profitable blockchain mining, low electricity cost, and maximum crypto mining revenue. Buy crypto miners online now.","https://czminers.com/miner/jasminer-x16-q-pro-etc-miner-8gb","https://tradzio-image.s3.eu-north-1.amazonaws.com/uploads/1751118779525-Jasminer-X16-Q-Pro-2050Mh.webp","in stock","2099.00 USD","jasminer","new","685ff3bc08f7c7cd55c21630"
"685ff40b08f7c7cd55c21634","Jasminer X16-QE ETC Miner 8GB","Jasminer X16-QE ETC Miner 8GB with ETHASH algorithm, 1750 MH/s hash rate, and 550 W power consumption. Best ETC ASIC miner for profitable blockchain mining, low electricity cost, and maximum crypto mining revenue. Buy crypto miners online now.","https://czminers.com/miner/jasminer-x16-qe-etc-miner-8gb","https://tradzio-image.s3.eu-north-1.amazonaws.com/uploads/1751118859245-Jasminer-X16-QE-1650Mh.webp","in stock","1379.00 USD","jasminer","new","685ff40b08f7c7cd55c21634"
"685ff45708f7c7cd55c21638","Iceriver KS5M Kaspa Miner (15Th)","Iceriver KS5M Kaspa Miner (15Th) with KAWPOW algorithm, 15 TH/s hash rate, and 3400 W power consumption. Best KAS ASIC miner for profitable blockchain mining, low electricity cost, and maximum crypto mining revenue. Buy crypto miners online now.","https://czminers.com/miner/iceriver-ks5m-kaspa-miner-15th","https://tradzio-image.s3.eu-north-1.amazonaws.com/uploads/1751118934771-Iceriver-KS5M.webp","in stock","2299.00 USD","iceriver","new","685ff45708f7c7cd55c21638"
"685ff4a708f7c7cd55c2163c","DragonBall Miner KS6 Kaspa Miner","DragonBall Miner KS6 Kaspa Miner with KAWPOW algorithm, 10.5 TH/s hash rate, and 3400 W power consumption. Best KAS ASIC miner for profitable blockchain mining, low electricity cost, and maximum crypto mining revenue. Buy crypto miners online now.","https://czminers.com/miner/dragonball-miner-ks6-kaspa-miner","https://tradzio-image.s3.eu-north-1.amazonaws.com/uploads/1751119014798-Dragonball-KS6-1.webp","in stock","4199.00 USD","dragonball","new","685ff4a708f7c7cd55c2163c"
"685ff4f008f7c7cd55c21640","Canaan Avalon A1566 Bitcoin Miner","Canaan Avalon A1566 Bitcoin Miner with SHA256 algorithm, 185 TH/s hash rate, and 3420 W power consumption. Best BTC, BCH, BTG ASIC miner for profitable blockchain mining, low electricity cost, and maximum crypto mining revenue. Buy crypto miners online now.","https://czminers.com/miner/canaan-avalon-a1566-bitcoin-miner","https://tradzio-image.s3.eu-north-1.amazonaws.com/uploads/1751119087276-Canaan-Avalon-A1566.webp","in stock","3099.00 USD","canaan-avalon","new","685ff4f008f7c7cd55c21640"
"685ff53608f7c7cd55c21644","Bombax Miner EZ100 ETC Miner","Bombax Miner EZ100 ETC Miner with ETHASH algorithm, 12500 MH/s hash rate, and 2300 W power consumption. Best ETC ASIC miner for profitable blockchain mining, low electricity cost, and maximum crypto mining revenue. Buy crypto miners online now.","https://czminers.com/miner/bombax-miner-ez100-etc-miner","https://tradzio-image.s3.eu-north-1.amazonaws.com/uploads/1751119158140-Bombax-EZ100.webp","in stock","10099.00 USD","bombax-miner","new","685ff53608f7c7cd55c21644"
"685ff58108f7c7cd55c21648","Bombax Miner EZ100-C ETC Miner","Bombax Miner EZ100-C ETC Miner with ETHASH algorithm, 3800 MH/s hash rate, and 760 W power consumption. Best ETC ASIC miner for profitable blockchain mining, low electricity cost, and maximum crypto mining revenue. Buy crypto miners online now.","https://czminers.com/miner/bombax-miner-ez100-c-etc-miner","https://tradzio-image.s3.eu-north-1.amazonaws.com/uploads/1751119232207-Bombax-EZ100.webp","in stock","3000.00 USD","bombax-miner","new","685ff58108f7c7cd55c21648"
"685ff5e608f7c7cd55c2164c","Bitmain Antminer L9 Dogecoin Miner","Bitmain Antminer L9 Dogecoin Miner with SCRYPT algorithm, 15 GH/s hash rate, and 3570 W power consumption. Best DOGE, LTC ASIC miner for profitable blockchain mining, low electricity cost, and maximum crypto mining revenue. Buy crypto miners online now.","https://czminers.com/miner/bitmain-antminer-l9-dogecoin-miner","https://tradzio-image.s3.eu-north-1.amazonaws.com/uploads/1751119333052-Bitmain-Antminer-L9.webp","in stock","7699.00 USD","bitmain","new","685ff5e608f7c7cd55c2164c"
"685ff63208f7c7cd55c21650","ElphaPex DG1+ Dogecoin Miner","ElphaPex DG1+ Dogecoin Miner with SCRYPT algorithm, 14400 MH/s hash rate, and 3950 W power consumption. Best DOGE, LTC ASIC miner for profitable blockchain mining, low electricity cost, and maximum crypto mining revenue. Buy crypto miners online now.","https://czminers.com/miner/elphapex-dg1-dogecoin-miner","https://tradzio-image.s3.eu-north-1.amazonaws.com/uploads/1751119409813-ElphaPex-DG1.webp","in stock","5599.00 USD","elphapex","new","685ff63208f7c7cd55c21650"
"685ff68508f7c7cd55c21654","Bitmain Antminer S21 Pro BTC Miner","Bitmain Antminer S21 Pro BTC Miner with SHA256 algorithm, 249 TH/s hash rate, and 3500 W power consumption. Best BTC, BCH, BTG ASIC miner for profitable blockchain mining, low electricity cost, and maximum crypto mining revenue. Buy crypto miners online now.","https://czminers.com/miner/bitmain-antminer-s21-pro-btc-miner","https://tradzio-image.s3.eu-north-1.amazonaws.com/uploads/1751119491711-Bitmain-Antminer-S21-Pro-1.webp","in stock","3999.00 USD","bitmain","new","685ff68508f7c7cd55c21654"
"685ff6e108f7c7cd55c21658","ElphaPex DG1 Dogecoin Miner","ElphaPex DG1 Dogecoin Miner with SCRYPT algorithm, 11000 MH/s hash rate, and 3420 W power consumption. Best DOGE, LTC ASIC miner for profitable blockchain mining, low electricity cost, and maximum crypto mining revenue. Buy crypto miners online now.","https://czminers.com/miner/elphapex-dg1-dogecoin-miner-8195","https://tradzio-image.s3.eu-north-1.amazonaws.com/uploads/1751119584285-ElphaPex-DG1%20%281%29.webp","in stock","9399.00 USD","elphapex","new","685ff6e108f7c7cd55c21658"
"685ff72d08f7c7cd55c2165c","Goldshell KA Box Kaspa Miner","Goldshell KA Box Kaspa Miner with KAWPOW algorithm, 1.18 TH/s hash rate, and 400 W power consumption. Best KAS ASIC miner for profitable blockchain mining, low electricity cost, and maximum crypto mining revenue. Buy crypto miners online now.","https://czminers.com/miner/goldshell-ka-box-kaspa-miner","https://tradzio-image.s3.eu-north-1.amazonaws.com/uploads/1751119661150-Goldshell-KA-Box-Miner.webp","in stock","2179.00 USD","goldshell","new","685ff72d08f7c7cd55c2165c"
"685ff77808f7c7cd55c21660","Bitmain Antminer S21 Bitcoin Miner","Bitmain Antminer S21 Bitcoin Miner with SHA256 algorithm, 195 TH/s hash rate, and 3412 W power consumption. Best BTC, BCH, BTG ASIC miner for profitable blockchain mining, low electricity cost, and maximum crypto mining revenue. Buy crypto miners online now.","https://czminers.com/miner/bitmain-antminer-s21-bitcoin-miner-1939","https://tradzio-image.s3.eu-north-1.amazonaws.com/uploads/1751119735370-Bitmain-Antminer-S21.webp","in stock","3599.00 USD","bitmain","new","685ff77808f7c7cd55c21660"
"685ffa1b08f7c7cd55c21664","Bitmain Antminer KS5 Pro Kaspa Miner (21Th)","Bitmain Antminer KS5 Pro Kaspa Miner (21Th) with KAWPOW algorithm, 21 TH/s hash rate, and 3150 W power consumption. Best KAS ASIC miner for profitable blockchain mining, low electricity cost, and maximum crypto mining revenue. Buy crypto miners online now.","https://czminers.com/miner/bitmain-antminer-ks5-pro-kaspa-miner-21th","https://tradzio-image.s3.eu-north-1.amazonaws.com/uploads/1751120410516-Bitmain-Antminer-S21%20%281%29.webp","in stock","1299.00 USD","bitmain","new","685ffa1b08f7c7cd55c21664"
"685ffa7708f7c7cd55c21668","iBeLink BM-KS Max Kaspa Miner (10.5Th)","iBeLink BM-KS Max Kaspa Miner (10.5Th) with KAWPOW algorithm, 10.5 TH/s hash rate, and 3400 W power consumption. Best KAS ASIC miner for profitable blockchain mining, low electricity cost, and maximum crypto mining revenue. Buy crypto miners online now.","https://czminers.com/miner/ibelink-bm-ks-max-kaspa-miner-105th","https://tradzio-image.s3.eu-north-1.amazonaws.com/uploads/1751120502316-iBeLink-BM-KS-Max.webp","in stock","4529.00 USD","ibelink","new","685ffa7708f7c7cd55c21668"
"685ffb0f08f7c7cd55c2166c","WindMiners K9 KAS Miner","WindMiners K9 KAS Miner with KAWPOW algorithm, 10.5 TH/s hash rate, and 3300 W power consumption. Best KAS ASIC miner for profitable blockchain mining, low electricity cost, and maximum crypto mining revenue. Buy crypto miners online now.","https://czminers.com/miner/windminers-k9-kas-miner","https://tradzio-image.s3.eu-north-1.amazonaws.com/uploads/1751120654262-WindMiners-K9.webp","in stock","16499.00 USD","windminers","new","685ffb0f08f7c7cd55c2166c"
"685ffb6308f7c7cd55c21670","MicroBT Whatsminer M66s Hydro BTC Miner","MicroBT Whatsminer M66s Hydro BTC Miner with SHA256 algorithm, 298 TH/s hash rate, and 5513 W power consumption. Best BTC, BCH, BTG ASIC miner for profitable blockchain mining, low electricity cost, and maximum crypto mining revenue. Buy crypto miners online now.","https://czminers.com/miner/microbt-whatsminer-m66s-hydro-btc-miner","https://tradzio-image.s3.eu-north-1.amazonaws.com/uploads/1751120738641-MicroBT-Whastminer-M66S-Hyd.webp","in stock","8699.00 USD","bitmain","new","685ffb6308f7c7cd55c21670"
"685ffbab08f7c7cd55c21674","MicroBT Whatsminer M66 Hydro BTC Miner","MicroBT Whatsminer M66 Hydro BTC Miner with SHA256 algorithm, 288 TH/s hash rate, and 5572 W power consumption. Best BTC, BCH, BTG ASIC miner for profitable blockchain mining, low electricity cost, and maximum crypto mining revenue. Buy crypto miners online now.","https://czminers.com/miner/microbt-whatsminer-m66-hydro-btc-miner","https://tradzio-image.s3.eu-north-1.amazonaws.com/uploads/1751120810062-MicroBT-Whastminer-M66S-Hyd.webp","in stock","4299.00 USD","whatsminer","new","685ffbab08f7c7cd55c21674"
"685ffbf708f7c7cd55c21678","MicroBT Whatsminer M63S Hydro BTC Miner","MicroBT Whatsminer M63S Hydro BTC Miner with SHA256 algorithm, 390 TH/s hash rate, and 7215 W power consumption. Best BTC, BCH, BTG ASIC miner for profitable blockchain mining, low electricity cost, and maximum crypto mining revenue. Buy crypto miners online now.","https://czminers.com/miner/microbt-whatsminer-m63s-hydro-btc-miner","https://tradzio-image.s3.eu-north-1.amazonaws.com/uploads/1751120886154-MicroBT-Whatsminer-M63S-Hyd.webp","in stock","12699.00 USD","whatsminer","new","685ffbf708f7c7cd55c21678"
"685ffc4b08f7c7cd55c2167c","MicroBT Whatsminer M63 Hydro BTC Miner","MicroBT Whatsminer M63 Hydro BTC Miner with SHA256 algorithm, 366 TH/s hash rate, and 7283 W power consumption. Best BTC, BCH, BTG ASIC miner for profitable blockchain mining, low electricity cost, and maximum crypto mining revenue. Buy crypto miners online now.","https://czminers.com/miner/microbt-whatsminer-m63-hydro-btc-miner","https://tradzio-image.s3.eu-north-1.amazonaws.com/uploads/1751120970675-MicroBt-Whatsminer-M63-Hyd.webp","in stock","6879.00 USD","whatsminer","new","685ffc4b08f7c7cd55c2167c"
"685ffca108f7c7cd55c21680","MicroBT Whatsminer M60S BTC Miner","MicroBT Whatsminer M60S BTC Miner with SHA256 algorithm, 206TH/s hash rate, and 3441 W power consumption. Best BTC, BCH, BTG ASIC miner for profitable blockchain mining, low electricity cost, and maximum crypto mining revenue. Buy crypto miners online now.","https://czminers.com/miner/microbt-whatsminer-m60s-btc-miner","https://tradzio-image.s3.eu-north-1.amazonaws.com/uploads/1751121056065-MicroBt-Whatsminer-M60S.webp","in stock","2829.00 USD","whatsminer","new","685ffca108f7c7cd55c21680"
"685ffcee08f7c7cd55c21684","MicroBT Whatsminer M60 BTC Miner","MicroBT Whatsminer M60 BTC Miner with SHA256 algorithm, 172 TH/s hash rate, and 3422 W power consumption. Best BTC, BCH, BTG ASIC miner for profitable blockchain mining, low electricity cost, and maximum crypto mining revenue. Buy crypto miners online now.","https://czminers.com/miner/microbt-whatsminer-m60-btc-miner","https://tradzio-image.s3.eu-north-1.amazonaws.com/uploads/1751121132891-MicroBt-Whatsminer-M60.webp","in stock","2749.00 USD","whatsminer","new","685ffcee08f7c7cd55c21684"
"685ffd2e08f7c7cd55c21688","Bitmain Antminer T21 BTC Miner","Bitmain Antminer T21 BTC Miner with SHA256 algorithm, 190 TH/s hash rate, and 3610 W power consumption. Best BTC, BCH, BTG ASIC miner for profitable blockchain mining, low electricity cost, and maximum crypto mining revenue. Buy crypto miners online now.","https://czminers.com/miner/bitmain-antminer-t21-btc-miner","https://tradzio-image.s3.eu-north-1.amazonaws.com/uploads/1751121196678-Bitmain-Antminer-T21.webp","in stock","2439.00 USD","bitmain","new","685ffd2e08f7c7cd55c21688"
"685ffd7a08f7c7cd55c2168c","Bitmain Antminer S21 Hydro BTC Miner","Bitmain Antminer S21 Hydro BTC Miner with SHA256 algorithm, 335 TH/s hash rate, and 5360 W power consumption. Best BTC, BCH, BTG ASIC miner for profitable blockchain mining, low electricity cost, and maximum crypto mining revenue. Buy crypto miners online now.","https://czminers.com/miner/bitmain-antminer-s21-hydro-btc-miner","https://tradzio-image.s3.eu-north-1.amazonaws.com/uploads/1751121273306-Bitmain-Antminer-S21-Hyd.webp","in stock","6099.00 USD","bitmain","new","685ffd7a08f7c7cd55c2168c"
"685ffdcc08f7c7cd55c21690","iPollo V1H ETC Miner","iPollo V1H ETC Miner with ETHASH algorithm, 850 MH/s hash rate, and 690 W power consumption. Best ETC ASIC miner for profitable blockchain mining, low electricity cost, and maximum crypto mining revenue. Buy crypto miners online now.","https://czminers.com/miner/ipollo-v1h-etc-miner","https://tradzio-image.s3.eu-north-1.amazonaws.com/uploads/1751121355870-Ipollo-V1H.webp","in stock","1599.00 USD","ipollo","new","685ffdcc08f7c7cd55c21690"
"685ffe1b08f7c7cd55c21694","Canaan Avalon A1466 Bitcoin Miner","Canaan Avalon A1466 Bitcoin Miner with SHA256 algorithm, 170 TH/s hash rate, and 3315W power consumption. Best BTC, BCH, BTG ASIC miner for profitable blockchain mining, low electricity cost, and maximum crypto mining revenue. Buy crypto miners online now.","https://czminers.com/miner/canaan-avalon-a1466-bitcoin-miner","https://tradzio-image.s3.eu-north-1.amazonaws.com/uploads/1751121434810-Canaan-Avalon-A1466.webp","in stock","3589.00 USD","canaan-avalon","new","685ffe1b08f7c7cd55c21694"
"685ffe6008f7c7cd55c21698","Bitmain Antminer X5 XMR Miner","Bitmain Antminer X5 XMR Miner with X11 algorithm, 212 Kh/s hash rate, and 1350 W power consumption. Best XMR ASIC miner for profitable blockchain mining, low electricity cost, and maximum crypto mining revenue. Buy crypto miners online now.","https://czminers.com/miner/bitmain-antminer-x5-xmr-miner","https://tradzio-image.s3.eu-north-1.amazonaws.com/uploads/1751121503755-Bitmain-Antminer-X5.webp","in stock","3079.00 USD","bitmain","new","685ffe6008f7c7cd55c21698"
"685ffeab08f7c7cd55c2169c","Bitmain Antminer S21 Bitcoin Miner","Bitmain Antminer S21 Bitcoin Miner with SHA256 algorithm, 200 TH/s hash rate, and 3500 W power consumption. Best BTC, BCH, BTG ASIC miner for profitable blockchain mining, low electricity cost, and maximum crypto mining revenue. Buy crypto miners online now.","https://czminers.com/miner/bitmain-antminer-s21-bitcoin-miner-2571","https://tradzio-image.s3.eu-north-1.amazonaws.com/uploads/1751121578159-Bitmain-Antminer-S21-1.webp","in stock","3049.00 USD","bitmain","new","685ffeab08f7c7cd55c2169c"
"685ffef008f7c7cd55c216a0","Iceriver KS3M KAS Miner (6000Gh)","Iceriver KS3M KAS Miner (6000Gh) with KAWPOW algorithm, 6 TH/s hash rate, and 3400 W power consumption. Best KAS ASIC miner for profitable blockchain mining, low electricity cost, and maximum crypto mining revenue. Buy crypto miners online now.","https://czminers.com/miner/iceriver-ks3m-kas-miner-6000gh","https://tradzio-image.s3.eu-north-1.amazonaws.com/uploads/1751121647084-Iceriver-KS3M.webp","in stock","6529.00 USD","iceriver","new","685ffef008f7c7cd55c216a0"
"685fff4408f7c7cd55c216a4","Iceriver KS3L KAS Miner (5000Gh)","Iceriver KS3L KAS Miner (5000Gh) with KAWPOW algorithm, 5 TH/s hash rate, and 3200 W power consumption. Best KAS ASIC miner for profitable blockchain mining, low electricity cost, and maximum crypto mining revenue. Buy crypto miners online now.","https://czminers.com/miner/iceriver-ks3l-kas-miner-5000gh","https://tradzio-image.s3.eu-north-1.amazonaws.com/uploads/1751121730957-Iceriver-KS3L-5000Gh.webp","in stock","16699.00 USD","iceriver","new","685fff4408f7c7cd55c216a4"
"685fff8c08f7c7cd55c216a8","Iceriver KS3 KAS Miner (8000Gh)","Iceriver KS3 KAS Miner (8000Gh) with KAWPOW algorithm, 8 TH/s hash rate, and 3200 W power consumption. Best KAS ASIC miner for profitable blockchain mining, low electricity cost, and maximum crypto mining revenue. Buy crypto miners online now.","https://czminers.com/miner/iceriver-ks3-kas-miner-8000gh","https://tradzio-image.s3.eu-north-1.amazonaws.com/uploads/1751121803540-Iceriver-KS3-8000Gh.webp","in stock","12989.00 USD","iceriver","new","685fff8c08f7c7cd55c216a8"
"685fffdb08f7c7cd55c216ac","Iceriver KS2 KAS Miner (2000Gh)","Iceriver KS2 KAS Miner (2000Gh) with KAWPOW algorithm, 2 TH/s hash rate, and 1200 W power consumption. Best KAS ASIC miner for profitable blockchain mining, low electricity cost, and maximum crypto mining revenue. Buy crypto miners online now.","https://czminers.com/miner/iceriver-ks2-kas-miner-2000gh","https://tradzio-image.s3.eu-north-1.amazonaws.com/uploads/1751121882457-Iceriver-KS2-2000Gh%20%281%29.webp","in stock","4549.00 USD","iceriver","new","685fffdb08f7c7cd55c216ac"
"6860002008f7c7cd55c216b0","Iceriver KS1 KAS Miner (1000Gh)","Iceriver KS1 KAS Miner (1000Gh) with KAWPOW algorithm, 1 TH/s hash rate, and 600 W power consumption. Best KAS ASIC miner for profitable blockchain mining, low electricity cost, and maximum crypto mining revenue. Buy crypto miners online now.","https://czminers.com/miner/iceriver-ks1-kas-miner-1000gh","https://tradzio-image.s3.eu-north-1.amazonaws.com/uploads/1751121950684-Iceriver-KS1-1000Gh.webp","in stock","2789.00 USD","iceriver","new","6860002008f7c7cd55c216b0"
"6860006908f7c7cd55c216b4","Jasminer X16-P ETC Miner 8GB","Jasminer X16-P ETC Miner 8GB with ETHASH algorithm, 5800 MH/s hash rate, and 1900 W power consumption. Best ETC ASIC miner for profitable blockchain mining, low electricity cost, and maximum crypto mining revenue. Buy crypto miners online now.","https://czminers.com/miner/jasminer-x16-p-etc-miner-8gb","https://tradzio-image.s3.eu-north-1.amazonaws.com/uploads/1751122024907-Iceriver-KS1-1000Gh.webp","in stock","3999.00 USD","jasminer","new","6860006908f7c7cd55c216b4"
"686000b908f7c7cd55c216b8","MicroBT Whatsminer M53-M53S Hydro BTC Miner","MicroBT Whatsminer M53-M53S Hydro BTC Miner with SHA256 algorithm, 260 TH/s hash rate, and 6760 W power consumption. Best BTC, BCH, BTG ASIC miner for profitable blockchain mining, low electricity cost, and maximum crypto mining revenue. Buy crypto miners online now.","https://czminers.com/miner/microbt-whatsminer-m53-m53s-hydro-btc-miner","https://tradzio-image.s3.eu-north-1.amazonaws.com/uploads/1751122104537-Whatsminer-M53S-Hyd.webp","in stock","5499.00 USD","whatsminer","new","686000b908f7c7cd55c216b8"
"6860011708f7c7cd55c216bc","Bitmain Antminer KS3 KAS Miner (9.4Th)","Bitmain Antminer KS3 KAS Miner (9.4Th) with KAWPOW algorithm, 9.4 TH/s hash rate, and 3500 W power consumption. Best KAS ASIC miner for profitable blockchain mining, low electricity cost, and maximum crypto mining revenue. Buy crypto miners online now.","https://czminers.com/miner/bitmain-antminer-ks3-kas-miner-94th","https://tradzio-image.s3.eu-north-1.amazonaws.com/uploads/1751122198387-Antminer-KS3.webp","in stock","16849.00 USD","bitmain","new","6860011708f7c7cd55c216bc"
"6860016708f7c7cd55c216c0","Bitmain Antminer S19K Pro BTC Miner (136Th)","Bitmain Antminer S19K Pro BTC Miner (136Th) with SHA256 algorithm, 136 TH/s hash rate, and 3264 W power consumption. Best BTC, BCH, BTG ASIC miner for profitable blockchain mining, low electricity cost, and maximum crypto mining revenue. Buy crypto miners online now.","https://czminers.com/miner/bitmain-antminer-s19k-pro-btc-miner-136th","https://tradzio-image.s3.eu-north-1.amazonaws.com/uploads/1751122278832-Antminer-S19K-Pro-136Th.webp","in stock","2999.00 USD","bitmain","new","6860016708f7c7cd55c216c0"
"6860020e08f7c7cd55c216c4","MicroBT Whatsminer M33s++ Hydro BTC Miner","MicroBT Whatsminer M33s++ Hydro BTC Miner with SHA256 algorithm, 242 TH/s hash rate, and 7260 W power consumption. Best BTC, BCH, BTG ASIC miner for profitable blockchain mining, low electricity cost, and maximum crypto mining revenue. Buy crypto miners online now.","https://czminers.com/miner/microbt-whatsminer-m33s-hydro-btc-miner","https://tradzio-image.s3.eu-north-1.amazonaws.com/uploads/1751122445555-MicroBT-Whatsminer-M33s.webp","in stock","5499.00 USD","whatsminer","new","6860020e08f7c7cd55c216c4"
"6860026208f7c7cd55c216c8","Bitmain Antminer D9 Dash Miner (1.77Th)","Bitmain Antminer D9 Dash Miner (1.77Th) with X11 algorithm, 1.77 TH/s hash rate, and 2839 W power consumption. Best DASH ASIC miner for profitable blockchain mining, low electricity cost, and maximum crypto mining revenue. Buy crypto miners online now.","https://czminers.com/miner/bitmain-antminer-d9-dash-miner-177th","https://tradzio-image.s3.eu-north-1.amazonaws.com/uploads/1751122529759-Bitmain-Antminer-D9-1.77TH.webp","in stock","4189.00 USD","bitmain","new","6860026208f7c7cd55c216c8"
"686002b908f7c7cd55c216cc","Bitmain Antminer E9 Pro ETC Miner (3.68Gh)","Bitmain Antminer E9 Pro ETC Miner (3.68Gh) with ETHASH algorithm, 3.68 GH/s hash rate, and 2200 W power consumption. Best ETC ASIC miner for profitable blockchain mining, low electricity cost, and maximum crypto mining revenue. Buy crypto miners online now.","https://czminers.com/miner/bitmain-antminer-e9-pro-etc-miner-368gh","https://tradzio-image.s3.eu-north-1.amazonaws.com/uploads/1751122616507-Bitmain-Antminer-E9-Pro-3.68Gh.webp","in stock","2099.00 USD","bitmain","new","686002b908f7c7cd55c216cc"
"6860030608f7c7cd55c216d0","Jasminer X4-Q-Z ETC Miner 5GB","Jasminer X4-Q-Z ETC Miner 5GB with ETHASH algorithm, 840 MH/s hash rate, and 380 W power consumption. Best ETC ASIC miner for profitable blockchain mining, low electricity cost, and maximum crypto mining revenue. Buy crypto miners online now.","https://czminers.com/miner/jasminer-x4-q-z-etc-miner-5gb","https://tradzio-image.s3.eu-north-1.amazonaws.com/uploads/1751122693783-Jasminer-X4-Q-Z.webp","in stock","1649.00 USD","jasminer","new","6860030608f7c7cd55c216d0"
"6860035608f7c7cd55c216d4","Jasminer X16-Q ETC Miner 8GB","Jasminer X16-Q ETC Miner 8GB with ETHASH algorithm, 1950 MH/s hash rate, and 620 W power consumption. Best ETC ASIC miner for profitable blockchain mining, low electricity cost, and maximum crypto mining revenue. Buy crypto miners online now.","https://czminers.com/miner/jasminer-x16-q-etc-miner-8gb","https://tradzio-image.s3.eu-north-1.amazonaws.com/uploads/1751122773832-Jasminer-X16-Q-1845Mhs.webp","in stock","1479.00 USD","jasminer","new","6860035608f7c7cd55c216d4"
"6860039808f7c7cd55c216d8","Bitmain Antminer T19 Hydro BTC Miner","Bitmain Antminer T19 Hydro BTC Miner with SHA256 algorithm, 145 TH/s hash rate, and 5438 W power consumption. Best BTC, BCH, BTG ASIC miner for profitable blockchain mining, low electricity cost, and maximum crypto mining revenue. Buy crypto miners online now.","https://czminers.com/miner/bitmain-antminer-t19-hydro-btc-miner","https://tradzio-image.s3.eu-north-1.amazonaws.com/uploads/1751122840012-Antminer-T19-HYDRO-145TH.webp","in stock","4099.00 USD","bitmain","new","6860039808f7c7cd55c216d8"
"6860041708f7c7cd55c216dc","Canaan Avalon A1366 BTC Miner (130Th)","Canaan Avalon A1366 BTC Miner (130Th) with SHA256 algorithm, 136 TH/s hash rate, and 3250 W power consumption. Best BTC, BCH, BTG ASIC miner for profitable blockchain mining, low electricity cost, and maximum crypto mining revenue. Buy crypto miners online now.","https://czminers.com/miner/canaan-avalon-a1366-btc-miner-130th","https://tradzio-image.s3.eu-north-1.amazonaws.com/uploads/1751122966686-Canaan-Avalon-A1366-130TH.webp","in stock","2749.00 USD","canaan-avalon","new","6860041708f7c7cd55c216dc"
"6860046b08f7c7cd55c216e0","Bitmain Antminer S19 XP HYD BTC Miner (255Th)","Bitmain Antminer S19 XP HYD BTC Miner (255Th) with SHA256 algorithm, 255 TH/s hash rate, and 5304 W power consumption. Best BTC, BCH, BTG ASIC miner for profitable blockchain mining, low electricity cost, and maximum crypto mining revenue. Buy crypto miners online now.","https://czminers.com/miner/bitmain-antminer-s19-xp-hyd-btc-miner-255th","https://tradzio-image.s3.eu-north-1.amazonaws.com/uploads/1751123051068-Antminer-S19-XP-HYD-255TH.webp","in stock","2299.00 USD","bitmain","new","6860046b08f7c7cd55c216e0"
"686004be08f7c7cd55c216e4","Anexminer ET5 – ETC Miner (1200Mh)","Anexminer ET5 – ETC Miner (1200Mh) with ETHASH algorithm, 1200 MH/s hash rate, and 760 W power consumption. Best ETC ASIC miner for profitable blockchain mining, low electricity cost, and maximum crypto mining revenue. Buy crypto miners online now.","https://czminers.com/miner/anexminer-et5-etc-miner-1200mh","https://tradzio-image.s3.eu-north-1.amazonaws.com/uploads/1751123133773-Anexminer-ET5-1200MH.webp","in stock","8699.00 USD","anexminer","new","686004be08f7c7cd55c216e4"
"686005c808f7c7cd55c216e8","iPollo V1 Classic ETC Miner (1550Mh)","iPollo V1 Classic ETC Miner (1550Mh) with ETHASH algorithm, 1550 MH/s hash rate, and 1240 W power consumption. Best ETC ASIC miner for profitable blockchain mining, low electricity cost, and maximum crypto mining revenue. Buy crypto miners online now.","https://czminers.com/miner/ipollo-v1-classic-etc-miner-1550mh","https://tradzio-image.s3.eu-north-1.amazonaws.com/uploads/1751123399394-IPOLLO-V1-CLASSIC-1550MH.webp","in stock","4999.00 USD","ipollo","new","686005c808f7c7cd55c216e8"
"6860061a08f7c7cd55c216ec","iPollo V1 ETH Miner (3600Mh)","iPollo V1 ETH Miner (3600Mh) with ETHASH algorithm, 3600 MH/s hash rate, and 3100 W power consumption. Best ETC ASIC miner for profitable blockchain mining, low electricity cost, and maximum crypto mining revenue. Buy crypto miners online now.","https://czminers.com/miner/ipollo-v1-eth-miner-3600mh","https://tradzio-image.s3.eu-north-1.amazonaws.com/uploads/1751123482008-IPOLLO-V1-3600MH%20%281%29.webp","in stock","5999.00 USD","ipollo","new","6860061a08f7c7cd55c216ec"
"6860066608f7c7cd55c216f0","Goldshell LT Lite – Dogecoin Miner (1620Mh)","Goldshell LT Lite – Dogecoin Miner (1620Mh) with SCRYPT algorithm, 1620 MH/s hash rate, and 1450 W power consumption. Best DOGE, LTC ASIC miner for profitable blockchain mining, low electricity cost, and maximum crypto mining revenue. Buy crypto miners online now.","https://czminers.com/miner/goldshell-lt-lite-dogecoin-miner-1620mh","https://tradzio-image.s3.eu-north-1.amazonaws.com/uploads/1751123557905-GOLDSHELL-LT-LITE.webp","in stock","2199.00 USD","goldshell","new","6860066608f7c7cd55c216f0"
"686006c108f7c7cd55c216f4","Jasminer X4 ETH Miner 5GB (2.5Gh)","Jasminer X4 ETH Miner 5GB (2.5Gh) with ETHASH algorithm, 2.5 GH/s hash rate, and 1200 W power consumption. Best ETC ASIC miner for profitable blockchain mining, low electricity cost, and maximum crypto mining revenue. Buy crypto miners online now.","https://czminers.com/miner/jasminer-x4-eth-miner-5gb-25gh","https://tradzio-image.s3.eu-north-1.amazonaws.com/uploads/1751123648447-Jasminer-X4-2.5GH.webp","in stock","35000.00 USD","jasminer","new","686006c108f7c7cd55c216f4"
"6860072208f7c7cd55c216f8","Bitmain Antminer L7 (9.16Gh)","Bitmain Antminer L7 (9.16Gh) with SCRYPT algorithm, 9.16 GH/s hash rate, and 3420 W power consumption. Best DOGE, LTC ASIC miner for profitable blockchain mining, low electricity cost, and maximum crypto mining revenue. Buy crypto miners online now.","https://czminers.com/miner/bitmain-antminer-l7-916gh","https://tradzio-image.s3.eu-north-1.amazonaws.com/uploads/1751123745191-ANTMINER-L7-9.16GH-600x600-1.webp","in stock","3599.00 USD","bitmain","new","6860072208f7c7cd55c216f8"
"6860077408f7c7cd55c216fc","Bitmain Antminer L7 (9.5Gh)","Bitmain Antminer L7 (9.5Gh) with SCRYPT algorithm, 9.5 GH/s hash rate, and 3425 W power consumption. Best DOGE, LTC ASIC miner for profitable blockchain mining, low electricity cost, and maximum crypto mining revenue. Buy crypto miners online now.","https://czminers.com/miner/bitmain-antminer-l7-95gh","https://tradzio-image.s3.eu-north-1.amazonaws.com/uploads/1751123827645-ANTMINER-L7-3-600x600-1.webp","in stock","9099.00 USD","bitmain","new","6860077408f7c7cd55c216fc"
"68626aa1f4518c8ff68b5149","Bitmain Antminer KS3 9.4TH 3500W (KAS) Miner","Bitmain Antminer KS3 9.4TH 3500W (KAS) Miner with KAWPOW algorithm, 9.4TH/s hash rate, and 3500 W power consumption. Best KAS ASIC miner for profitable blockchain mining, low electricity cost, and maximum crypto mining revenue. Buy crypto miners online now.","https://czminers.com/miner/bitmain-antminer-ks3-94th-3500w-kas-miner","https://tradzio-image.s3.eu-north-1.amazonaws.com/uploads/1751280288369-Antminer-KS3.webp","in stock","16899.00 USD","bitmain","new","68626aa1f4518c8ff68b5149"